"ID","Seq","Score","Prediction"
"neg_test_main_1 ","LLKELWTKIKGAGKAVLGKIKGLL",0.83,"AntiCP"
"neg_test_main_2 ","DWTFANWSCLVCDDCSVNLTV",0.57,"AntiCP"
"neg_test_main_3 ","GIPCGESCVWIPCISAALGCSCKNKVCYRN",0.99,"AntiCP"
"neg_test_main_4 ","GLIGSIGKALGGLLVDVLKPKL",0.73,"AntiCP"
"neg_test_main_5 ","VLPLISMALGKLL",0.84,"AntiCP"
"neg_test_main_6 ","FISAIASMLGKFL",0.98,"AntiCP"
"neg_test_main_7 ","SAISCGETCFKFKCYTPRCSCSYPVCK",0.84,"AntiCP"
"neg_test_main_8 ","INWKKIASIGKEVLK",0.67,"AntiCP"
"neg_test_main_9 ","DSHAKRHHGYKRKFHEKHHSHRGY",0.76,"AntiCP"
"neg_test_main_10 ","IFGSLFSLGSKLLPTVFKLFSRKKQ",0.75,"AntiCP"
"neg_test_main_11 ","MNNTIKDFDLDLKTNKKDTATPYVGSRYLCTPGSCWKLVCFTTTVK",0.45,"AntiCP"
"neg_test_main_12 ","CLGVGSCNDFAGCGYAIVCFW",1,"AntiCP"
"neg_test_main_13 ","GVLGTVKDLLIGAGKSAAQSTLKTLSCKISNDC",0.5,"AntiCP"
"neg_test_main_14 ","EKYTEVPEYI",0.19,"Non-AntiCP"
"neg_test_main_15 ","VKCAVKDTYSCFIVRGKCRHECHDFEKPIGFCTKLNANCYM",0.66,"AntiCP"
"neg_test_main_16 ","APKGVQGPNG",0.25,"Non-AntiCP"
"neg_test_main_17 ","PAQPFRIKKRQGPFERP",0.48,"AntiCP"
"neg_test_main_18 ","GTVPCGESCVFIPCITGIAGCSCKNKVCYIN",0.98,"AntiCP"
"neg_test_main_19 ","RCVCTRGFCRCVCTRGFC",0.78,"AntiCP"
"neg_test_main_20 ","AQCGAQGGGATCPGGLCCSQWGWCGSTPKYCGAGCQSNCR",0.96,"AntiCP"
"neg_test_main_21 ","GLMSTLKDFGKTAAKEIAQSLLSTASCKLAKTC",0.49,"AntiCP"
"neg_test_main_22 ","GLWNSIKIAGKKLFVNVLDKIRCKVAGGC",0.84,"AntiCP"
"neg_test_main_23 ","KTCENLSGTFKGPCIPDGNCNKHCRNNEHLLSGRCRDDFRCWCTNRC",0.73,"AntiCP"
"neg_test_main_24 ","GLFTKFAGKGIKDLIFKGVKHIGKEVGMDVIRVGIDVAGCKIKGVC",0.62,"AntiCP"
"neg_test_main_25 ","GFLGPLLKLGLKGAAKLLPQLLPSRQQ",0.65,"AntiCP"
"neg_test_main_26 ","KNLRRIIRKGIHIIKKYG",0.67,"AntiCP"
"neg_test_main_27 ","ATCDLLSGFGVGDSACAAHCIARGNRGGYCNSKKVCVCRN",1,"AntiCP"
"neg_test_main_28 ","RWKFFKKIEKVGQNIRDGIIKAGPAVAVVGQAASIT",0.7,"AntiCP"
"neg_test_main_29 ","SLNVMRKGIRKQPVSSGKRGGVNDYDM",0.22,"Non-AntiCP"
"neg_test_main_30 ","RLCPRVRIRVCR",0.78,"AntiCP"
"neg_test_main_31 ","SVFAFENEQSSTIAPARLYK",0.07,"Non-AntiCP"
"neg_test_main_32 ","LLKKLLKWLKK",1,"AntiCP"
"neg_test_main_33 ","AVNIPFKVHFRCKAAFC",0.76,"AntiCP"
"neg_test_main_34 ","GRSKKLGKKIEKAGKRVFNAAQKGLPVAAGVQAL",0.68,"AntiCP"
"neg_test_main_35 ","SIGFDGLNDPDIVAR",0.23,"Non-AntiCP"
"neg_test_main_36 ","CAETCVVLPCFIVPGCSCKSSVCYFN",0.88,"AntiCP"
"neg_test_main_37 ","GVGDIFRKIVSTIKNVV",0.66,"AntiCP"
"neg_test_main_38 ","GIPCAESCVWIPCTVTALLGCSCSNNVCYN",0.96,"AntiCP"
"neg_test_main_39 ","GLLDSLKNLAINAAKGAGQSVLNTLSCKLSKTC",0.59,"AntiCP"
"neg_test_main_40 ","CLGIGSCNNFAGCGYAVVCFW",0.93,"AntiCP"
"neg_test_main_41 ","GLLDTLKNMAINAAKGAGQSVLNTLSCKLSKTC",0.53,"AntiCP"
"neg_test_main_42 ","ILSAIWSGIKSLF",0.89,"AntiCP"
"neg_test_main_43 ","YAFGYPS",0.71,"AntiCP"
"neg_test_main_44 ","VTCFCRRRGCASRERLIGYCRFGNTIYGLCCRR",0.93,"AntiCP"
"neg_test_main_45 ","RRCICTTRTCRFPYRRLGTCLFQNRVYTFCC",0.77,"AntiCP"
"neg_test_main_46 ","LRDLVCYCRTRGCKRREHMNGTCRKGHLMYTLCCR",0.65,"AntiCP"
"neg_test_main_47 ","KCWNLRGSCREKCIKNEKLYIFCTSGKLCCLKPKFQPNMLQR",0.69,"AntiCP"
"neg_test_main_48 ","HFLGTLVNLAKKIL",0.83,"AntiCP"
"neg_test_main_49 ","DKLIGSCVWGAVNYTSNCNAECKRRGYKGGHCGSFANVNCWCER",0.92,"AntiCP"
"neg_test_main_50 ","WNPFKELERAGQRVRDAVISAAAVATVGQAAAIARGG",0.27,"Non-AntiCP"
"neg_test_main_51 ","GKNGVFKTISHECHLNTWAFLATCCS",0.75,"AntiCP"
"neg_test_main_52 ","YCNRRTGKCQRM",0.67,"AntiCP"
"neg_test_main_53 ","LE",0.25,"Non-AntiCP"
"neg_test_main_54 ","GLFPKFNKKKVKTGIFDIIKTVGKEAGMDVLRTGIDVIGCKIKGEC",0.45,"AntiCP"
"neg_test_main_55 ","VFIDILDKMENAIHKAAQAGIGIAKPIEKMILPK",0.28,"Non-AntiCP"
"neg_test_main_56 ","GLWDSIKNFGKTIALNVMDKIKCKIGGGCPP",0.81,"AntiCP"
"neg_test_main_57 ","FLPILASLAAKLGPKLFCLVTKKC",0.99,"AntiCP"
"neg_test_main_58 ","FFPIVGKLLFGLSGLL",0.97,"AntiCP"
"neg_test_main_59 ","RDWERREFERRQNELRREQEQRREELL",0.34,"Non-AntiCP"
"neg_test_main_60 ","GLLDTLKNMAINAAKDAGVSVLNTLSCKLSKTC",0.55,"AntiCP"
"neg_test_main_61 ","HRHQGPIFDTRPSPFNPNQPRPGPIY",0.49,"AntiCP"
"neg_test_main_62 ","MWGRILAFVAKYGTKAVQWAWKNKWFLLSLGEAVFDYIRSIWGG",0.36,"Non-AntiCP"
"neg_test_main_63 ","ILGPVLGLVGNALGGLIKKI",0.78,"AntiCP"
"neg_test_main_64 ","GCLEFWWKCNPNDDKCCRPKLKCSKLFKLCNFSF",0.62,"AntiCP"
"neg_test_main_65 ","QLGDVLQKAGEKIVRGLKNIGQRIKDFFGKLTPRTES",0.29,"Non-AntiCP"
"neg_test_main_66 ","ASGWVCTLTIECGTLVCAC",0.87,"AntiCP"
"neg_test_main_67 ","LIKIVPAMICAVTKKC",0.7,"AntiCP"
"neg_test_main_68 ","LLEL",0.23,"Non-AntiCP"
"neg_test_main_69 ","GIPCGESCVFIPCITSVAGCSCKSKVCYRN",1,"AntiCP"
"neg_test_main_70 ","LLKWLKKWLKK",0.99,"AntiCP"
"neg_test_main_71 ","KYYGNGVHCGKKTCYVDWGQATASIGKIIVNGWTQHGPWAHR",0.65,"AntiCP"
"neg_test_main_72 ","VFQFLGRIIHHVGNFVHGFSHVF",0.62,"AntiCP"
"neg_test_main_73 ","RRSRKNGIGYAIGYAFGAVERAVLGGSRDYNK",0.41,"Non-AntiCP"
"neg_test_main_74 ","GLLDAIKDTAQNLFANVLDKIKCKFTKC",0.57,"AntiCP"
"neg_test_main_75 ","GLGSFLKNAIKIAGKVGSTIGKVADAIGNKE",0.58,"AntiCP"
"neg_test_main_76 ","KTCEHLADTYRGVCFTNASCDDHCKNKAHLISGTCHNWKCFCTQNC",0.79,"AntiCP"
"neg_test_main_77 ","FLGGLIKIVPAMICAVTKK",0.88,"AntiCP"
"neg_test_main_78 ","VCSCRLVFCRRTELRVGNCLIGGVSFTYCCTRVD",0.95,"AntiCP"
"neg_test_main_79 ","GTACGESCYVLPCFTVGCTCTSSQCFKN",0.91,"AntiCP"
"neg_test_main_80 ","GKKLFVNVLDKIRCKVAGGC",0.85,"AntiCP"
"neg_test_main_81 ","GIFSLIKGAAKLITKTVAKEAGKTGLELMACKVTNQC",0.56,"AntiCP"
"neg_test_main_82 ","VIPFVASVAAEMMPHVYCAASRKC",0.35,"Non-AntiCP"
"neg_test_main_83 ","RYCERSSGTWSGVCGNTDKCSSQCQRLEGAAHGSCNYVFPAHKCICYYPC",0.87,"AntiCP"
"neg_test_main_84 ","GLLLDTLKGAAKDIAGIALEKLKCKITGCKP",0.66,"AntiCP"
"neg_test_main_85 ","ILKKWPWWPWRRK",0.94,"AntiCP"
"neg_test_main_86 ","RIITCSCRTFCFLGERISGRCYQSVFIYRLCCRG",0.8,"AntiCP"
"neg_test_main_87 ","INWKKIASIGKEVL",0.59,"AntiCP"
"neg_test_main_88 ","GLLSRLRDFLSDRGRRLGEKIERIGQKIKDLSEFFQS",0.26,"Non-AntiCP"
"neg_test_main_89 ","KSYGNGVQCNKKKCWVDWGSAISTIGNNSAANWATGGAAGWKS",0.59,"AntiCP"
"neg_test_main_90 ","GLFGRLRDSLQRGGQKILEKAERIWCKIKDIFRG",0.43,"Non-AntiCP"
"neg_test_main_91 ","KWKLFKKIGIGAVLKVLT",0.98,"AntiCP"
"neg_test_main_92 ","LDEPNMDTISKSREYKCKIDLDCSNHIACRHCSYRNCKCDHGTCKCMP",0.54,"AntiCP"
"neg_test_main_93 ","KTCENLADTFRGPCFATSNCDDHCKNKEHLLSGRCRDDFRCWCTRNC",0.61,"AntiCP"
"neg_test_main_94 ","ADDKNPLEEAFREADYEVFLEIAKNGL",0.09,"Non-AntiCP"
"neg_test_main_95 ","QFTNVSCTTSKECWSVCQRLHNTSRGKCMNKKCRCYS",0.95,"AntiCP"
"neg_test_main_96 ","GVLDAFRKIATVVKNVV",0.6,"AntiCP"
"neg_test_main_97 ","FDIIKKVASVVG",0.75,"AntiCP"
"neg_test_main_98 ","KWKWKW",0.99,"AntiCP"
"neg_test_main_99 ","RFIPPILRPPVRPPFRPPFRPPFRPPPIIRFFGG",0.76,"AntiCP"
"neg_test_main_100 ","KQQLATEAESAGPIL",0.13,"Non-AntiCP"
"neg_test_main_101 ","EFKRCWKGQGACRTYCTRQETYMHLCPDASLCCLSYALKPPPVPKHEYE",0.47,"AntiCP"
"neg_test_main_102 ","KGRGKQGGKVRAKAKTRSS",0.59,"AntiCP"
"neg_test_main_103 ","FFPIVGKLLSGLF",0.98,"AntiCP"
"neg_test_main_104 ","DKLIGSCVWGAVNYTSNCRAECKRRGYKGGHCGSFLNVNCWCET",0.87,"AntiCP"
"neg_test_main_105 ","EQCGRQAGGATCPNNLCCSQYGY",0.8,"AntiCP"
"neg_test_main_106 ","KWKLFKKIEKVGQGIGAVLKVLTTGL",0.85,"AntiCP"
"neg_test_main_107 ","KIKWFKTMKSLAKFLAKEQMKKHLGE",0.74,"AntiCP"
"neg_test_main_108 ","ATCRKPSMYFSGACFSDTNCQKACNREDWPNGKCLVGFKCECQRPC",0.88,"AntiCP"
"neg_test_main_109 ","GILDIAKKLVGGIRNVLGI",0.58,"AntiCP"
"neg_test_main_110 ","WYVKKCLNDVGICKKKCKPEEMHVKNGWAMCGKGRDCCVPAD",0.64,"AntiCP"
"neg_test_main_111 ","LLPILGNLLNGLL",0.52,"AntiCP"
"neg_test_main_112 ","AGIGKIGDFIKKAIAKYKN",0.72,"AntiCP"
"neg_test_main_113 ","GLFSKFSGKGIKNFLIKGVKHIGKEVGMDVIRTGIDVAGCKIKGEC",0.45,"AntiCP"
"neg_test_main_114 ","RFPWWWPFLR",0.93,"AntiCP"
"neg_test_main_115 ","SYVGDCGSNGGSCVSSYCPYGNRLNYFCPLGRTCCRHAYV",0.9,"AntiCP"
"neg_test_main_116 ","GLFSKFAGKGIKNLIFKGVKHIGKEVGMDVIRTGIDVAGCKIKGEC",0.46,"AntiCP"
"neg_test_main_117 ","RCYTNDDCKDGQPCPVPLACLFGSCICPWKSQSKLPICQIICANLD",0.75,"AntiCP"
"neg_test_main_118 ","ENCGRQAG",0.46,"AntiCP"
"neg_test_main_119 ","LDSLSFSYNNFEEDD",0.11,"Non-AntiCP"
"neg_test_main_120 ","AVKDTYSCFIMRGKCRHECHDFEKPIGFCTKLNANCYM",0.54,"AntiCP"
"neg_test_main_121 ","ANLDAIIKIQAWARMWAARRQYL",0.42,"Non-AntiCP"
"neg_test_main_122 ","KFFRKLKKSVKKRAKEFFKKPRVIGVSIPF",0.7,"AntiCP"
"neg_test_main_123 ","GSVFNCGETCVLGTCYTPGCTCNTYRVCTKD",0.94,"AntiCP"
"neg_test_main_124 ","KLLKKLLKWLK",1,"AntiCP"
"neg_test_main_125 ","FLPIIAGMAAKVICAITKKC",0.98,"AntiCP"
"neg_test_main_126 ","GGLRSLGRKILRAWKKYG",0.77,"AntiCP"
"neg_test_main_127 ","SLGSFMKGVGKGLATVGKIVADQFGKLLEA",0.38,"Non-AntiCP"
"neg_test_main_128 ","INWLKLGKKMMSAI",0.63,"AntiCP"
"neg_test_main_129 ","MKVFFLFAVLFCLVRRNSVHISHQEARGP",0.22,"Non-AntiCP"
"neg_test_main_130 ","KAGLAFPVGRVHRLLRK",0.73,"AntiCP"
"neg_test_main_131 ","FTIAEPYIHPCMKGFCSFKSECANKCIFMGHHKGGDCIGGLDGIYCCCLA",0.77,"AntiCP"
"neg_test_main_132 ","WFRKQLKW",0.89,"AntiCP"
"neg_test_main_133 ","LLSLVPHAINAVSAIAKHF",0.87,"AntiCP"
"neg_test_main_134 ","YSRCQLQGFNCVVRSYGLPTIPCCRGLTCRSYFPGSTYGRCQRF",0.71,"AntiCP"
"neg_test_main_135 ","FLPLLLSALPSFLCLVFKKC",0.82,"AntiCP"
"neg_test_main_136 ","GVLDAFRKIATVVKNLV",0.57,"AntiCP"
"neg_test_main_137 ","IFGSLFSLGSKLLPSVFKLFSRKKQ",0.8,"AntiCP"
"neg_test_main_138 ","GRFRRLRKKTRKRLKKIGKVLKWIPPIVGSIPLGC",0.85,"AntiCP"
"neg_test_main_139 ","RRWFWR",0.85,"AntiCP"
"neg_test_main_140 ","GLPCGESCVFIPCITTVVGCSCKNKVCYND",0.96,"AntiCP"
"neg_test_main_141 ","DYDWSLRGPPKCATYGQKCRTWSPPNCCWNLRCKAFRCRPR",0.94,"AntiCP"
"neg_test_main_142 ","GVFTLIKGATQLIGKTLGKEVGKTGLELMACKITKQC",0.55,"AntiCP"
"neg_test_main_143 ","EKCLRWQWRMRKYGG",0.66,"AntiCP"
"neg_test_main_144 ","ACYCRIPACLAGERRYGTCFYLGRVWAFCC",0.97,"AntiCP"
"neg_test_main_145 ","QCMQLETSGQMRRCVSQCDKRFEEDIDWSKYDNQE",0.45,"AntiCP"
"neg_test_main_146 ","GPIQISYNYNYGPCGRYCGILGVSPGDNLDCGNQR",0.42,"Non-AntiCP"
"neg_test_main_147 ","GLLSGVLGVGKKIVCGLSGLC",0.71,"AntiCP"
"neg_test_main_148 ","SPKKTKPVKPKKVA",0.73,"AntiCP"
"neg_test_main_149 ","GLWSKIKEAAKTAGLMAMGFVNDMV",0.36,"Non-AntiCP"
"neg_test_main_150 ","SGKRWWRRKK",0.87,"AntiCP"
"neg_test_main_151 ","QQCGRQASGRLCGNRLCCSQWGYCGSTASYCGAGCQSQCRS",0.87,"AntiCP"
"neg_test_main_152 ","GNPKVAHCASQIGRSTAWGAVSGA",0.33,"Non-AntiCP"
"neg_test_main_153 ","RWKRWWRRKK",0.95,"AntiCP"
"neg_test_main_154 ","SIGSALKKALPVAKKIGKIALPIAKAALP",0.8,"AntiCP"
"neg_test_main_155 ","SISCGETCTTFNCWIPNCKCNHHDKVCYWN",0.8,"AntiCP"
"neg_test_main_156 ","GGLKKLGKKLEGVGKRVFKASEKALPVLTGYKAIG",0.62,"AntiCP"
"neg_test_main_157 ","GYGCPFNQYQCHSHCSGIRGYKGGYCKGTFKQTCKCY",0.82,"AntiCP"
"neg_test_main_158 ","DKLIGSCVWGAVNYTRNCNAECKRRGYKGGHCGSFANVNCWCET",0.89,"AntiCP"
"neg_test_main_159 ","GLFLDTLKGLAGKLLQGLKCIKAGCKP",0.78,"AntiCP"
"neg_test_main_160 ","YSKSLPLSVLNP",0.32,"Non-AntiCP"
"neg_test_main_161 ","GLPVCGETCTLGKCYTAGCSCSWPVCYRN",0.97,"AntiCP"
"neg_test_main_162 ","MSKLVQAISDAVQAQQNQDWAKLGTSIVGIVENGVGILGKLFGF",0.24,"Non-AntiCP"
"neg_test_main_163 ","QVFTLIKGATQLIRKTLGEQ",0.42,"Non-AntiCP"
"neg_test_main_164 ","SGKLWWRRKK",0.92,"AntiCP"
"neg_test_main_165 ","WKSESLCTPGCVTGALQTCFLQTLTCNCKISK",0.72,"AntiCP"
"neg_test_main_166 ","FLGALWNVAKSVF",0.78,"AntiCP"
"neg_test_main_167 ","SLSRFLSFLKIVYPPAF",0.6,"AntiCP"
"neg_test_main_168 ","FIMDLLGKIF",0.6,"AntiCP"
"neg_test_main_169 ","KIPCGESCVWIPCVTSIFNCKCKENKVCYHD",1,"AntiCP"
"neg_test_main_170 ","DKLIGSCVWLAVNYTSNCNAECKRRGYKGGHCGSFLNVNCWCET",0.82,"AntiCP"
"neg_test_main_171 ","FLPILGKLLSGLL",1,"AntiCP"
"neg_test_main_172 ","SVPTSVYTLGIKILWSAYKHRKTIEKSFNKGFYH",0.36,"Non-AntiCP"
