"Peptide","Sequence","Reference"
"A9K","AAAAAAAAAK","xu2013dual"
"CNGRC-GG-(KLAKLAK)2","CNGRCGGKLAKLAKKLAKLAK","ellerby1999anti"
"hCAP-18","FRKSKEKIGKEFKRIVQRIKDFLRNLVPRTES","farsinejad2015mitochondrial"
"HNP-1","ACYCRIPACIAGERRYGTCIYQGALWAFCC","gaspar2015apoptotic"
"HPRP-A1-TAT","FKKLKKLFSKLWNWKRKKRRQRRR","hao2015tat"
"KLA","KLAKLAKKLAKLAK","horton2009engineered"
"Magainin 1","GIGKFLHSAGKFGKAFVGEIMKS","cruz2006vitro"
"Pleuricidin 03","GRRKRKWLRRIGKGVKIIGGAALDHL","bla1"
"R7-kla","RRRRRRRKLAKLAKKLAKLAK","law2006mitochondrial"
"RGD-4C-GG-(KLAKLAK)2","ACDCRGDCFCGGKLAKLAKKLAKLAK","ellerby1999anti"
"Lactoferricin B","FKCRRWQWRMKKLGAPSITCVRRAF","eliassen2006antimicrobial"
"Mastoparan-C","INLKALAALAKKIL","de2015mastoparan"
"GW-H1","GYNYAKKLANLAKKFANALW","pan2015antimicrobial"
